{
	"type": "LaserTurret",
	"name": "Dirium Laser Turret",
	"description": "A Powerful Laser Turret.",
	"targetAir": true,
    "targetGround": true,
	"health": 5000,
	"size": 4,
	"firingMoveFract": 0.60,
	"shootType": "meltdownLaser",
	"shootEffect": "shootBigSmoke2",
	"shootCone": 100,
    "recoil": 4,
	"shots": 50,
	"shootShake": 2,
    "range": 250,
    "reload": 0.60,
    "shootDuration": 350,
    "powerUse": 14,
	"rotateSpeed": 60,
	
	"requirements": [
		{ "item": "Dirium", "amount": 300 },
	],
	"category": "turret",
	"research": "duo"
}
