{
	"type": "DoubleTurret",
	"name": "Dirium Turret",
	"description": "Powerful Turret.",
	"health": 200,
	"size": 1,
	"reload": 6,
	"range": 300,
	"ammoUseEffect": "shellEjectSmall",
	"inaccuracy": 0,
	"rotatespeed": 10,
	"consumes": {
		"power": 1.0,
	},
	"ammo": {
		"Dirium": {
			"speed": 8.0,
			"damage": 80,
			"bulletWidth": 10,
			"bulletHeight": 10,
			"despawnEffect":"hitBulletBig",
			"shootEffect": "shootSmall",
			"smokeEffect": "shootBigSmoke2",
			"ammoMultiplier": 4
			"collides":true,
			"keepVelocity":true,
			"status":"burning",
			"homingRange":120,
			"homingPower":7,
			"reloadMultiplier":0.7,
			"ammoMultiplier":2,
			"pierce":true,
			"lightning":4,
			"lightiningLength":15
			"fragBullet":{
				"bulletWidth":6,
				"bulletHeight":8,
				"backColor":"fffff0",
				"frontColor":"ffffe0",
				"despawnEffect":"hitBulletSmall",
				"trailColor":"556b2f",
				"smokeEffect":"shootSmallSmoke",
				"collides":true,
				"keepVelocity":true,
				"speed":2,
				"damage":4,
				"splashDamage":24,
				"splashDamageRadius":12
				"homingRange":120,
				"homingPower":7,
			}
		}
	},
	"requirements": [
		{ "item": "Dirium", "amount": 50 },
	],
	"category": "turret",
	"research": "duo"
}
