{
	"type": "NuclearReactor",
	"name": "Dirium Reactor",
	"description": "Can generate a LOT of power.",
	"size": 3,
    "health": 3000,
    "itemDuration": 450,
    "powerProduction": 400,
	"heating": 0.01,
	"outputItem": {"item": "Uranium", "amount": 2.0},
	"craftTime": 40,
	"consumes": {
		"items": {
		"items": [
			{"item": "Dirium", "amount": 1.0}
		]
	},
	"liquid": {
			"liquid": "cryofluid", 
			"amount": 0.1
    }
    },
	"requirements": [
        { "item": "Dirium", "amount": 500 }
    
    ],
    "category": "power",
    "research": "copper-wall"
}