{
	"name": "Omegaradicator Summoner",
	"description": "Makes the dirium infused omegaradicator. I take no responsibility of this unit/i did not make it (I just LOVE this unit a lot). ThatOneBepis is who made it https://github.com/ThatOneBepis/Infinitodustry",
	"type": "UnitFactory",
	"unitType": "dirium-omegaradicator",
	"size": 1,
	"produceTime": 9000,
	"maxSpawn": 1,
	"buildCostMultiplier": 0.3,
	"consumes": {
		"power": 1.0
  },
	"category": "units",
	"research": "dirium-overdrive-projector",
	"requirements": [
		{ "item": "Dirium", "amount": 20000 }
	]
}
