{
	"type": "GenericCrafter",
	"name": "Dirium Smelter",
	"description": "Uses Resources to make Dirium.",
	"itemCapacity": 50,
	"outputItem": {"item": "Dirium", "amount": 2.0},
	"size": 2,
	"hasPower": true,
	"craftTime": 35,
	"updateEffect": "smeltsmoke",
	"consumes": {
		"power": 1.5,
		"item": "surge-alloy"
	},
	"requirements": [
		{ "item": "lead", "amount": 50 },
		{ "item": "copper", "amount": 80 },
		{ "item": "surge-alloy", "amount": 20 }
	],
	"category": "crafting",
	"research": "kiln",
	"idleSound": "respawning",
	"idleSoundVolume": 0.5
}
