{
	"type": "ForceProjector",
	"name": "Dirium Force Projector",
	"description": "A Strong Force Projector.",
	"size": 3,
	"health": 500,
	"radius": 300,
	"breakage": 5000,
	"cooldownNormal": 5000.0
	"cooldownBrokenBase": 5000.0
	"hasPower": true,
	"consumes": {
		"power": 3.0,
		"items": {
			"items": [ { "amount": 1, "item": "phase-fabric" } ],
			"booster": true,
			"optional": true
    }
}
    "requirements": [
        { "item": "Dirium", "amount": 200
        }
    
    ],
    "category": "defense",
    "research": "copper-wall"
}