{
	"name": "Dirium Drill",
	"description": "Drill that can mine most resources if not all, And FAST made to work with a Pulse conveyor. Requries power. Water is HIGHLY HIGHLY RECOMMENDED"
	"type": "Drill",
	"size": 4,
	"itemCapacity": 1000,
	"tier": 50,
	"drillTime": 0.0001,
	"hasLiquids": true,
	"liquidBoostIntensity": 4.8,
	"consumes": {
		"power": 4.0,
		"liquid": {
			"liquid": "water", 
			"amount": 0.1,
			"booster": true,
			"optional": true,
		}
}

	"requirements": [
		{ "item": "weak-dirium", "amount": 700 },
		{ "item": "Dirium", "amount": 500 },
	],
	"category": "production",
	"research": "pneumatic-drill"
}
