{
	"name": "Dirium Healer Factory",
	"description": "Makes dirium Healers.",
	"type": "UnitFactory",
	"unitType": "dirium-fighter-healer"
	"size": 3,
	"produceTime": 250,
	"maxSpawn": 4,
	"consumes": {
		"power": 0.5,
		"items": {
			"items": [
				{"item": "Dirium", "amount": 50},
			]
		}
	},
	"category": "units",
	"research": "wraith-factory",
	"requirements": [
		{ "item": "Dirium", "amount": 50 },
		{ "item": "titanium", "amount": 50 },
		{ "item": "silicon", "amount": 100 }
	]
}