{
	"type": "Separator",
	"name": "Dirium Separator",
	"description": "A better separator",
	"results": [
            {"item": "copper", "amount": 2},
            {"item": "lead", "amount": 2},
            {"item": "titanium", "amount": 2},
            {"item": "coal", "amount": 2},
            {"item": "graphite", "amount": 2},
            {"item": "sand", "amount": 2}
			{"item": "thorium", "amount": 2}
        ],
	"craftTime": 1,
    "spinnerLength": 1.5,
    "spinnerRadius": 3.5,
    "spinnerThickness": 1.5,
    "spinnerSpeed": 3,
	"size": 8,
	"itemCapacity": 300,
	"hasLiquids": true,
	"hasPower": true,
	"consumes": {
		"power": 0.3,
		"liquid": {
			"liquid": "slag", 
			"amount": 3.0,
		}
	}
	"requirements": [
		{ "item": "weak-dirium", "amount": 50 },
	],
	"category": "production",
	"research": "pneumatic-drill"
}