{
	"type": "MassDriver",
	"name": "Dirium Mass Driver",
	"description": "CAREFUL THE MASS DRIVER BULLETS HAVE LIMITED RANGE BUT HAS A LITTLE MORE RANGE THEN THE ORIGINAL MASS DRIVER. YOU WILL LOSE RESOURCES IF THE BULLET DESPAWNS. A HEAVY WIP.",
	"size": 3,
    "itemCapacity": 300,
    "reloadTime": 10,
    "range": 1000,
	"rotateSpeed": 0.09,
	"shootType": { "lifetime": 5000 }
	"weapon": {
		"name": "dirium-driverBolt",
			"lifetime": 5000,
			"drag": 0.0,
	}
    "consumes": {
		"power": 1.75,
		}
	"requirements": [
        { "item": "Dirium", "amount": 200 }
    
    ],
    "category": "defense",
    "research": "copper-wall"
}