{
	"type": "GenericCrafter",
	"name": "ULTIMATE Dirium Smelter",
	"description": "MAKES ULTIMATE DIRIUM",
	"itemCapacity": 50,
	"outputItem": {"item": "ultimate-dirium", "amount": 3.0},
	"size": 3,
	"hasPower": true,
	"craftTime": 60,
	"updateEffect": "smeltsmoke",
	"consumes": {
		"power": 10.0,
		"items": {
		"items": [
			{"item": "unstable-dirium", "amount": 5.0 },
			{"item": "weak-dirium", "amount": 5.0 },
		]
	}
	},
	"requirements": [
		{ "item": "Dirium", "amount": 100 },
	],
	"category": "crafting",
	"research": "kiln",
}
