{
	"type": "GenericCrafter",
	"name": "Unstable Dirium Converter",
	"description": "Uses unstable dirium and lots of power to make surge alloy.",
	"itemCapacity": 50,
	"outputItem": {"item": "surge-alloy", "amount": 2.0},
	"size": 2,
	"hasPower": true,
	"craftTime": 30,
	"updateEffect": "smeltsmoke",
	"consumes": {
		"power": 10.0,
		"item": "unstable-dirium"
	},
	"requirements": [
		{ "item": "lead", "amount": 50 },
		{ "item": "copper", "amount": 80 },
		{ "item": "unstable-dirium", "amount": 10 },
	],
	"category": "crafting",
	"research": "kiln",
	"idleSound": "respawning",
	"idleSoundVolume": 0.5
}
