{
	"type": "GenericCrafter",
	"name": "Unstable Dirium Smelter",
	"description": "Uses less resources to ultimately make surgealloy. This can't make dirium very well. Needed a little bit more of each resource",
	"itemCapacity": 50,
	"outputItem": {"item": "unstable-dirium", "amount": 2.0},
	"size": 3,
	"hasPower": true,
	"craftTime": 60,
	"updateEffect": "smeltsmoke",
	"consumes": {
		"power": 1.0,
		"items": {
		"items": [
			{"item": "lead", "amount": 2.0}
			{"item": "copper", "amount": 2.0 },
			{"item": "titanium", "amount": 2.0 },
			{"item": "silicon", "amount": 2.0 },
		]
	}
	},
	"requirements": [
		{ "item": "silicon", "amount": 30 },
		{ "item": "weak-dirium", "amount": 400 },
	],
	"category": "crafting",
	"research": "kiln",
	"idleSound": "respawning",
	"idleSoundVolume": 0.5
}
