{
	"type": "GenericCrafter",
	"name": "Weak Dirium Smelter",
	"description": "Uses resources to make weak dirium.",
	"itemCapacity": 50,
	"outputItem": {"item": "weak-dirium", "amount": 2.0},
	"size": 3,
	"hasPower": true,
	"craftTime": 60,
	"updateEffect": "smeltsmoke",
	"consumes": {
		"power": 1.0,
		"items": {
		"items": [
			{"item": "lead", "amount": 2.0}
			{"item": "copper", "amount": 2.0 },
		]
	}
	},
	"requirements": [
		{"item": "lead", "amount": 20.0 },
		{"item": "copper", "amount": 20.0 },
	],
	"category": "crafting",
	"research": "kiln",
	"idleSound": "respawning",
	"idleSoundVolume": 0.5
}
