{
	"name": "Weak Dirium Drill",
	"description": "Drill that can mine most resources if not all, And faster than a regular pneumatic drill made to work with a weak dirium conveyor. Water is RECOMMENDED"
	"type": "Drill",
	"size": 2,
	"itemCapacity": 30,
	"tier": 50,
	"drillTime": 150,
	"hasLiquids": true,
	"hasPower": false,
	"liquidBoostIntensity": 1.7,
	"consumes": {
		"liquid": {
			"liquid": "water", 
			"amount": 0.1,
			"booster": true,
			"optional": true,
		}
}

	"requirements": [
		{ "item": "weak-dirium", "amount": 75 },
	],
	"category": "production",
	"research": "pneumatic-drill"
}
