{
	"type": "flyingUnit",
	"name": "Dirium Fighter",
	"description": "Fighters made from dirium. Very Strong",
	"speed": 0.90,
	"size": 50,
	"flying": true,
	"health": 1000,
	"engineOffset": 5.5,
	"range": 300,
	"weapon": {
		"name": "dirium-gun",
		"damage": 100,
		"length": 2,
		"reload": 1,
		"alternate": true,
		"bullet": {
			"speed": 8.0,
			"damage": 80,
			"bulletWidth": 10,
			"bulletHeight": 10,
			"despawnEffect":"hitBulletBig",
			"shootEffect": "shootSmall",
			"smokeEffect": "shootBigSmoke2",
			"collides":true,
			"keepVelocity":true,
			"status":"burning",
			"homingRange":120,
			"homingPower":7,
			"reloadMultiplier":0.7,
			"pierce":true,
			"lightning":4,
			"lightiningLength":15
			"fragBullet":{
				"bulletWidth":6,
				"bulletHeight":8,
				"backColor":"fffff0",
				"frontColor":"ffffe0",
				"despawnEffect":"hitBulletSmall",
				"trailColor":"556b2f",
				"smokeEffect":"shootSmallSmoke",
				"collides":true,
				"keepVelocity":true,
				"speed":2,
				"damage":4,
				"splashDamage":24,
				"splashDamageRadius":12
				"homingRange":120,
				"homingPower":7,
				
			}
		}
	}
}