{
	"type": "groundUnit",
	"name": "Omegaradicator",
	"description": "Dirium infused omegaradicator",
	"maxVelocity": 1,
	"speed": 0.12,
	"drag": 0.4,
	"mass": 8640,
	"hitsize": 300,
	"rotatespeed": 0.03,
	"health": 15552000,
	"weapon": {
		"name": "dirium-omegaradicatron",
		"length": 130,
    "recoil": 50,
    "shake": 100,
    "innacuracy": 10,
    "shots": 4,
    "spacing": 0,
    "shotDelay": 3,
    "shootSound": "shootBig",
    "ejectEffect": "shellEjectBig",
		"width": 260,
		"reload": 30,
		"alternate": true,
		"bullet":{
		  "damage": 112320,
		  "speed": 25,
			"knockback": 1500,
		  "bulletWidth": 192,
		  "bulletHeight": 276,
		  "splashDamageRadius": 80,
		  "splashDamage": 6000,
      "shootEffect": "shootBig",
		  "lifetime": 120
		}
	}
}
